date,sku,change,reason,state,staff
2026-01-01,,-26,purchase,available,
2026-01-01,CS182RNDNK6,1,purchase,committed,
2026-01-01,W182RPWBXXF,-5,purchase,available,
2026-01-01,ISWVTGSLMBK,1,purchase,committed,
2026-01-01,SKSONK,10,purchase,committed,
2026-01-01,SKSOBK,5,purchase,committed,
2026-01-01,W182RPWBXXF,5,purchase,committed,
2026-01-01,CS182RNDNK6,-1,purchase,available,
2026-01-01,SKSOBR,15,purchase,committed,
2026-01-01,SKSOBK,-5,purchase,available,
2026-01-02,SKCKBZ,1,purchase,committed,
2026-01-02,SKCKBZ,-1,purchase,available,
2026-01-02,W183CPWHXXF,-25,purchase,available,
2026-01-02,W183CPBDSHF,-6,purchase,available,
2026-01-02,BA194L60,-1,purchase,available,
2026-01-02,W183CPBDSHF,6,purchase,committed,
2026-01-02,BA194L60,1,purchase,committed,
2026-01-02,W183CPWHXXF,25,purchase,committed,
2026-01-03,ADD18TWIST1,1,purchase,committed,
2026-01-03,PN2ACNWH,-1,purchase,available,Aaron Welch
2026-01-03,ADD18TWIST1,-1,purchase,available,
2026-01-03,FINIALTHBZ,-6,purchase,available,
2026-01-03,,-4,purchase,available,
2026-01-03,FINIALPYRAB,1,purchase,committed,
2026-01-03,FINIALTHAB,6,purchase,committed,
2026-01-03,PN2RUBRECTWH,1,purchase,committed,
2026-01-03,PN2ACNWH,1,purchase,committed,Aaron Welch
2026-01-03,SKPDUPLEX,4,purchase,committed,
2026-01-03,SKPDUPLEX,-4,purchase,available,
2026-01-03,SHHOLDUNONK,1,purchase,committed,
2026-01-03,PND18TCKU12,1,purchase,committed,
2026-01-03,FINIALTHBZ,6,purchase,committed,
2026-01-03,W182CTBWZZF,10,purchase,committed,Aaron Welch
2026-01-03,FINIALTHAB,-6,purchase,available,
2026-01-03,W182CTBWZZF,-10,purchase,available,Aaron Welch
2026-01-04,CANCONKBR,1,purchase,committed,
2026-01-04,PND18TCDU6,-1,purchase,available,
2026-01-04,W182RFGDXXF,-4,purchase,available,
2026-01-04,PND18TCDU6,1,purchase,committed,
2026-01-04,SHHOLDUNOBR,-1,purchase,available,
2026-01-04,W182RFGDXXF,4,purchase,committed,
2026-01-04,STRMETALBR,-1,purchase,available,
2026-01-04,STRMETALBR,1,purchase,committed,
2026-01-04,SHHOLDUNOBR,1,purchase,committed,
2026-01-04,CANCONKBR,-1,purchase,available,
2026-01-05,CS18TRIBNK6,1,order_edited,committed,Ian Nelson
2026-01-05,SWFRDIMBN,-1,purchase,available,
2026-01-05,W183CPBDSHF,-6,order_fulfilled,committed,
2026-01-05,FINIALTHBZ,-6,order_fulfilled,committed,
2026-01-05,CS16TRIBNK6,-1,order_edited,committed,Ian Nelson
2026-01-05,,-15,purchase,available,
2026-01-05,SKSOBR,-15,order_fulfilled,committed,
2026-01-05,SKSONK,-10,order_fulfilled,committed,
2026-01-05,PN2RUBRECTBK,-5,purchase,available,
2026-01-05,W183CPDPSHF,-8,order_fulfilled,committed,
2026-01-05,W183CPDPSHF,-18,purchase,available,
2026-01-05,PN2RUBRECTBK,5,purchase,committed,
2026-01-05,ADD18TWIST4,-1,order_fulfilled,committed,
2026-01-05,W182RFGDXXF,-4,order_fulfilled,committed,
2026-01-05,SKSOBK,-5,order_fulfilled,committed,
2026-01-05,W182RPWBXXF,-5,order_fulfilled,committed,
2026-01-05,BA194L60,-1,order_fulfilled,committed,
2026-01-05,PN3HVRUBBK,-1,purchase,available,
2026-01-05,CS18TRECWH16,-1,order_fulfilled,committed,
2026-01-05,CKNOB-GG,-6,order_fulfilled,committed,
2026-01-05,SKPDUPLEX,-4,order_fulfilled,committed,
2026-01-05,CS18TRIBNK6,-1,order_edited,available,Ian Nelson
2026-01-05,PN2FEMRUBREC,-10,order_fulfilled,committed,
2026-01-05,W182RTSTXXF,-16,order_fulfilled,committed,
2026-01-05,CS16TRIBNK6,1,order_edited,available,Ian Nelson
2026-01-05,SWFRDIMBN,1,purchase,committed,
2026-01-05,W163CSGNYLF,10,purchase,committed,
2026-01-05,PN3HVRUBBK,1,purchase,committed,
2026-01-05,PN2RUBRECTWH,-5,order_fulfilled,committed,
2026-01-05,SKCKBZ,-1,order_fulfilled,committed,
2026-01-05,PN2FEMRUBREC,10,purchase,committed,
2026-01-05,PN2RUBRECTBK,-5,order_fulfilled,committed,
2026-01-05,FINIALTHAB,-6,order_fulfilled,committed,
2026-01-05,FINIALPYRAB,-1,order_fulfilled,committed,
2026-01-05,W183CPWHXXF,-25,order_fulfilled,committed,
2026-01-05,W183CPDPSHF,18,purchase,committed,
2026-01-05,PN2RUBRECTWH,5,purchase,committed,
2026-01-05,PN2FEMRUBREC,-10,purchase,available,
2026-01-05,PN3HVRUBBK,-1,order_fulfilled,committed,
2026-01-06,PNDOVSD6,99999,manual_adjustment,available,Ian Nelson
2026-01-06,PNDOVBKKR2,99999,manual_adjustment,available,Ian Nelson
2026-01-06,PNDOVCDU12,99999,manual_adjustment,available,Ian Nelson
2026-01-06,PNDOVCK10,199998,manual_adjustment,available,Ian Nelson
2026-01-06,PNDOVCDU2,99999,manual_adjustment,available,Ian Nelson
2026-01-06,PNDOVBKPR12,99999,manual_adjustment,available,Ian Nelson
2026-01-06,PNDOVCK12,199998,manual_adjustment,available,Ian Nelson
2026-01-06,PNDOVCAND12,99999,manual_adjustment,available,Ian Nelson
2026-01-06,PNDOVSK20,99999,manual_adjustment,available,Ian Nelson
2026-01-06,W182CPBR2TS,1,purchase,committed,
2026-01-06,PNDOVCDU16,99999,manual_adjustment,available,Ian Nelson
2026-01-06,PNDOVCAND16,99999,manual_adjustment,available,Ian Nelson
2026-01-06,PNDOVBKK12,99999,manual_adjustment,available,Ian Nelson
2026-01-06,SWVTGSLIMGD,1,purchase,committed,
2026-01-06,PN2RUBRECTWH,-1,order_fulfilled,committed,
2026-01-06,PNDOVSK2,99999,manual_adjustment,available,Ian Nelson
2026-01-06,SWFRDIMBN,-1,restock,committed,Ian Nelson
2026-01-06,PNDOVCDU10,99999,manual_adjustment,available,Ian Nelson
2026-01-06,PN2RUBRECTWH,-1,purchase,available,Ian Nelson
2026-01-06,PNDOVPK16,99999,manual_adjustment,available,Ian Nelson
2026-01-06,PND18TCKU12,-1,order_fulfilled,committed,
2026-01-06,PND18TCDU6,-1,order_fulfilled,committed,
2026-01-06,PNDOVSD16,99999,manual_adjustment,available,Ian Nelson
2026-01-06,PNDOVCAND20,99999,manual_adjustment,available,Ian Nelson
2026-01-06,PNDOVBKK10,99999,manual_adjustment,available,Ian Nelson
2026-01-06,PNDOVBKK20,99999,manual_adjustment,available,Ian Nelson
2026-01-06,PNDOVPK12,99999,manual_adjustment,available,Ian Nelson
2026-01-06,,-7,purchase,available,Ian Nelson
2026-01-06,CANCONKBR,-1,order_fulfilled,committed,
2026-01-06,PNDOVCC12,99999,manual_adjustment,available,Ian Nelson
2026-01-06,PNDOVBKR16,99999,manual_adjustment,available,Ian Nelson
2026-01-06,PNDOVCDU20,99999,manual_adjustment,available,Ian Nelson
2026-01-06,PN2RIBBK,1,purchase,committed,
2026-01-06,PNDOVCKU12,99999,manual_adjustment,available,Ian Nelson
2026-01-06,PNDOVSO2,99999,manual_adjustment,available,Ian Nelson
2026-01-06,PNDOVBKK6,99999,manual_adjustment,available,Ian Nelson
2026-01-06,PNDOVCOU6,99999,manual_adjustment,available,Ian Nelson
2026-01-06,W182CFBR3TF,-15,purchase,available,
2026-01-06,PNDOVBKPR20,99999,manual_adjustment,available,Ian Nelson
2026-01-06,ISWSLIMBK,-1,order_fulfilled,committed,
2026-01-06,PN2RECTBK,2,purchase,committed,
2026-01-06,SWVTGLGBN,1,purchase,committed,
2026-01-06,PNDOVBKPR10,99999,manual_adjustment,available,Ian Nelson
2026-01-06,PNDOVCO20,199998,manual_adjustment,available,Ian Nelson
2026-01-06,PNDOVCKU6,99999,manual_adjustment,available,Ian Nelson
2026-01-06,PNDOVCC10,99999,manual_adjustment,available,Ian Nelson
2026-01-06,PNDOVCD6,99999,manual_adjustment,available,Ian Nelson
2026-01-06,PNDOVBKPR16,99999,manual_adjustment,available,Ian Nelson
2026-01-06,PNDOVCO2,99999,manual_adjustment,available,Ian Nelson
2026-01-06,ADD18TWIST1,-1,order_fulfilled,committed,
2026-01-06,PNDOVBKR6,99999,manual_adjustment,available,Ian Nelson
2026-01-06,CS182RNDNK6,-1,order_fulfilled,committed,
2026-01-06,PNDOVCOU16,99999,manual_adjustment,available,Ian Nelson
2026-01-06,CS18TRIBNK6,-1,order_fulfilled,committed,
2026-01-06,SHHOLDUNONK,-1,order_fulfilled,committed,
2026-01-06,PNDOVCO6,99999,manual_adjustment,available,Ian Nelson
2026-01-06,PNDOVBKPR2,99999,manual_adjustment,available,Ian Nelson
2026-01-06,PN2FEMRUBREC,1,purchase,committed,Ian Nelson
2026-01-06,PNDOVSO16,99999,manual_adjustment,available,Ian Nelson
2026-01-06,PNDOVCO12,199998,manual_adjustment,available,Ian Nelson
2026-01-06,PNDOVCK20,99999,manual_adjustment,available,Ian Nelson
2026-01-06,W183CPDPSHF,-18,order_fulfilled,committed,
2026-01-06,PNDOVCD2,99999,manual_adjustment,available,Ian Nelson
2026-01-06,PNDOVCKU2,99999,manual_adjustment,available,Ian Nelson
2026-01-06,PNDOVSK6,99999,manual_adjustment,available,Ian Nelson
2026-01-06,PNDOVBKK2,99999,manual_adjustment,available,Ian Nelson
2026-01-06,PNDOVCKU10,99999,manual_adjustment,available,Ian Nelson
2026-01-06,PNDOVCK16,99999,manual_adjustment,available,Ian Nelson
2026-01-06,PNDOVCAND2,99999,manual_adjustment,available,Ian Nelson
2026-01-06,STRMETALBR,-1,order_fulfilled,committed,
2026-01-06,SHHOLDUNOBR,-1,order_fulfilled,committed,
2026-01-06,SWFRDIMBN,1,restock,available,Ian Nelson
2026-01-06,PN2RUBRECTWH,1,purchase,committed,Ian Nelson
2026-01-06,PN2ANFACBN,-1,purchase,available,
2026-01-06,PNDOVCC16,99999,manual_adjustment,available,Ian Nelson
2026-01-06,PNDOVCAND10,99999,manual_adjustment,available,Ian Nelson
2026-01-06,ISWVTGSLMBK,-1,order_fulfilled,committed,
2026-01-06,W182CPPRSHF,14,purchase,committed,
2026-01-06,PNDOVCC6,99999,manual_adjustment,available,Ian Nelson
2026-01-06,PNDOVCD10,299997,manual_adjustment,available,Ian Nelson
2026-01-06,PNDOVPK20,99999,manual_adjustment,available,Ian Nelson
2026-01-06,PNDOVCOU12,99999,manual_adjustment,available,Ian Nelson
2026-01-06,PNDOVCOU20,99999,manual_adjustment,available,Ian Nelson
2026-01-06,W182RTWHXXF,6,purchase,committed,Ian Nelson
2026-01-06,SKCCBZ,-2,purchase,available,
2026-01-06,PNDOVSO20,99999,manual_adjustment,available,Ian Nelson
2026-01-06,PNDOVCKU16,99999,manual_adjustment,available,Ian Nelson
2026-01-06,PNDOVPK10,99999,manual_adjustment,available,Ian Nelson
2026-01-06,PNDOVBKR12,99999,manual_adjustment,available,Ian Nelson
2026-01-06,PNDOVPK2,99999,manual_adjustment,available,Ian Nelson
2026-01-06,W121CRBK100S,-1,purchase,available,
2026-01-06,PNDOVCD20,99999,manual_adjustment,available,Ian Nelson
2026-01-06,PN3HVRUBBK,-1,order_fulfilled,committed,
2026-01-06,PNDOVCO10,99999,manual_adjustment,available,Ian Nelson
2026-01-06,PNDOVCDU6,99999,manual_adjustment,available,Ian Nelson
2026-01-06,SKCCBZ,2,purchase,committed,
2026-01-06,PNDOVSK16,99999,manual_adjustment,available,Ian Nelson
2026-01-06,W182CFBR3TF,15,purchase,committed,
2026-01-06,PN2RECTBN,1,purchase,committed,
2026-01-06,PNDOVCOU10,99999,manual_adjustment,available,Ian Nelson
2026-01-06,PNDOVSD2,99999,manual_adjustment,available,Ian Nelson
2026-01-06,PNDOVCOU2,99999,manual_adjustment,available,Ian Nelson
2026-01-06,PNDOVSO6,99999,manual_adjustment,available,Ian Nelson
2026-01-06,PNDOVCK6,99999,manual_adjustment,available,Ian Nelson
2026-01-06,PNDOVCO16,99999,manual_adjustment,available,Ian Nelson
2026-01-06,W121CRBK100S,1,purchase,committed,
2026-01-06,PNDOVSD20,99999,manual_adjustment,available,Ian Nelson
2026-01-06,CKNOB-GF,25,purchase,committed,
2026-01-06,W121CRBKXXF,20,purchase,committed,
2026-01-06,PNDOVBKR10,99999,manual_adjustment,available,Ian Nelson
2026-01-06,PNDOVCD12,199998,manual_adjustment,available,Ian Nelson
2026-01-06,W163CSGNYLF,-10,order_fulfilled,committed,
2026-01-06,PNDOVCKU20,99999,manual_adjustment,available,Ian Nelson
2026-01-06,PNDOVBKPR6,99999,manual_adjustment,available,Ian Nelson
2026-01-06,BST19CG60,1,purchase,committed,
2026-01-06,PNDOVCAND6,99999,manual_adjustment,available,Ian Nelson
2026-01-06,SKCCBZ,-2,order_fulfilled,committed,
2026-01-06,PNDOVCC2,99999,manual_adjustment,available,Ian Nelson
2026-01-06,PNDOVPK6,99999,manual_adjustment,available,Ian Nelson
2026-01-06,PNDOVCK2,99999,manual_adjustment,available,Ian Nelson
2026-01-06,PNDOVBKK16,99999,manual_adjustment,available,Ian Nelson
2026-01-06,PNDOVCD16,99999,manual_adjustment,available,Ian Nelson
2026-01-06,PN2ANFACBN,1,purchase,committed,
2026-01-06,,-67,purchase,available,
2026-01-06,PNDOVBKR20,99999,manual_adjustment,available,Ian Nelson
2026-01-07,W121CRBKXXF,-20,order_fulfilled,committed,
2026-01-07,W182CPBR2TS,-1,order_fulfilled,committed,
2026-01-07,W163CJDBXXS,2,purchase,committed,
2026-01-07,LGTTTLGHWASR,2,restock,available,Ian Nelson
2026-01-07,PN2ANFACBN,-1,order_fulfilled,committed,
2026-01-07,W121CRBK100S,-1,order_fulfilled,committed,
2026-01-07,LGTTTLGHWASR,-2,restock,committed,Ian Nelson
2026-01-07,W163CJDBXXS,-2,order_fulfilled,committed,
2026-01-07,LGTTTLGHWASR,2,purchase,committed,
2026-01-07,W163CJDBXXS,-2,purchase,available,
2026-01-07,SKSK1-4NK,-1,purchase,available,
2026-01-07,W183RPSTXXS,1,purchase,committed,
2026-01-07,PN2RUBRECTWH,-1,order_fulfilled,committed,
2026-01-07,STRCOLLBK,1,purchase,committed,
2026-01-07,SKSK1-4NK,1,purchase,committed,
2026-01-07,PN2FEMRUBREC,-1,order_fulfilled,committed,
2026-01-07,BST19CG60,-1,order_fulfilled,committed,
2026-01-07,STRCOLLBK,-1,purchase,available,
2026-01-07,PN2RIBBK,-1,order_fulfilled,committed,
2026-01-07,SHIPCUSTACCT,1,purchase,committed,
2026-01-07,SHIPCUSTACCT,-1,purchase,available,
2026-01-07,,-1,purchase,available,
2026-01-07,LGTTTLGHWASR,-2,purchase,available,
2026-01-07,W182RTWHXXF,-6,order_fulfilled,committed,
2026-01-07,CKNOB-GF,-25,order_fulfilled,committed,
2026-01-08,W182RTSTXXF,10,manual_adjustment,available,Ian Nelson
2026-01-08,W121CRBK100S,-1,purchase,available,
2026-01-08,W182CTPTGDF,-5,purchase,available,
2026-01-08,W222RTWHXXF,-30,purchase,available,
2026-01-08,W121CRBK100S,1,purchase,committed,
2026-01-08,SKSK1-4NK,-1,order_fulfilled,committed,
2026-01-08,SKPKBN,-1,purchase,available,
2026-01-08,STRCOLLBK,-1,order_fulfilled,committed,
2026-01-08,W182CTPTGDF,5,purchase,committed,
2026-01-08,SHIPCUSTACCT,-1,order_cancellation,committed,Ian Nelson
2026-01-08,W183RPSTXXS,-1,order_fulfilled,committed,
2026-01-08,SKPKBN,1,purchase,committed,
2026-01-08,W222RTWHXXF,30,purchase,committed,
2026-01-08,SKPKBN,-1,order_fulfilled,committed,
2026-01-09,W182CTBWZZF,40,manual_adjustment,available,Ian Nelson
2026-01-09,W182CTPTGDF,15,manual_adjustment,available,Ian Nelson
2026-01-09,W182RTGDXXF,16,manual_adjustment,available,Ian Nelson
2026-01-09,W182CTBWZZF,-10,order_fulfilled,committed,
2026-01-09,PN3HVRUBBK,-1,purchase,available,
2026-01-09,W182RTMBXXF,6,manual_adjustment,available,Ian Nelson
2026-01-09,W121CRBK100S,-1,order_fulfilled,committed,
2026-01-09,W182CTPTGDF,-5,order_fulfilled,committed,
2026-01-09,W182RTWBXXF,5,manual_adjustment,available,Ian Nelson
2026-01-09,PN2RUBRECTBK,1000,manual_adjustment,available,Ian Nelson
2026-01-09,PN3HVRUBBK,1,purchase,committed,
2026-01-09,W182CTGDGYF,11,manual_adjustment,available,Ian Nelson
2026-01-09,PN3HVRUBBK,-1,order_fulfilled,committed,
2026-01-09,W182CTRGXXF,29,manual_adjustment,available,Ian Nelson
2026-01-09,W163CSGNYLF,25,purchase,committed,
2026-01-09,W182CTGNXXF,4,manual_adjustment,available,Ian Nelson
2026-01-09,W182RTSTXXF,6,manual_adjustment,available,Ian Nelson
2026-01-09,W222RTWHXXF,-30,order_fulfilled,committed,
2026-01-09,PN2ACNWH,-1,order_fulfilled,committed,
2026-01-09,W182CTBKXXF,7,manual_adjustment,available,Ian Nelson
2026-01-09,W182RTBKXXF,19,manual_adjustment,available,Ian Nelson
2026-01-09,W163CSGNYLF,-25,order_fulfilled,committed,
2026-01-09,W163CSGNYLF,-25,purchase,available,
2026-01-10,W182CTBWZZF,6,purchase,committed,
2026-01-10,SKCCBZ,-1,purchase,available,
2026-01-10,SKSONK,-1,purchase,available,
2026-01-10,W182CTBWZZF,-6,purchase,available,
2026-01-10,SKSONK,1,purchase,committed,
2026-01-10,SKCCBZ,1,purchase,committed,
2026-01-10,,-17,purchase,available,
2026-01-10,PN2RECTBK,1,purchase,committed,
2026-01-10,W182CTDBXXF,16,purchase,committed,
2026-01-11,W182RPGDXXF,-8,purchase,available,
2026-01-11,W182CPWHXXF,-24,purchase,available,
2026-01-11,W182CPWHXXF,24,purchase,committed,
2026-01-11,W182RPGDXXF,8,purchase,committed,
2026-01-12,ISWROTBN,-1,purchase,available,
2026-01-12,SKSONK,-1,order_fulfilled,committed,
2026-01-12,W183RPPWXXF,15,purchase,committed,
2026-01-12,W202RTGDXXS,5,manual_adjustment,available,Ian Nelson
2026-01-12,PN3THERMOBK,1,purchase,committed,
2026-01-12,W202RTGDXXS,4,purchase,committed,
2026-01-12,ISWROTBN,1,purchase,committed,
2026-01-12,W202RTGDXXS,-4,purchase,available,
2026-01-12,W182CTBWZZF,-6,order_fulfilled,committed,
2026-01-12,SKCCBZ,-1,order_fulfilled,committed,
2026-01-12,W182CTDBXXF,-16,order_fulfilled,committed,
2026-01-12,PND16TCAND16,1,purchase,committed,
2026-01-12,PN2RECTBK,-1,order_fulfilled,committed,
2026-01-12,W183RPPWXXF,-15,purchase,available,
2026-01-12,W182RPGDXXF,-8,order_fulfilled,committed,
2026-01-12,,-3,purchase,available,
2026-01-12,W202RTGDXXF,400,manual_adjustment,available,Ian Nelson
2026-01-12,W182CPWHXXF,-24,order_fulfilled,committed,
2026-01-12,PN3HVRUBBK,1,purchase,committed,
2026-01-13,W183CPGGZZF,9,purchase,committed,
2026-01-13,W183CPRDXXMNS,1,purchase,committed,Ian Nelson
2026-01-13,SMPALL4,1,order_edited,available,Ian Nelson
2026-01-13,W183CPPRSHS,-1,order_fulfilled,committed,
2026-01-13,W182RPWBXXF,6,purchase,committed,
2026-01-13,PN2RUBRECTBK,-1,order_edited,available,Ian Nelson
2026-01-13,W182CTGGZZF,30,purchase,committed,
2026-01-13,PCOVERBK,-6,purchase,available,
2026-01-13,W182CTBWZZF,24,purchase,committed,
2026-01-13,W183CPRDXXMNS,-1,order_fulfilled,committed,
2026-01-13,W183RPGDXXMNS,1,purchase,committed,Ian Nelson
2026-01-13,W183RPGDXXMNS,-1,order_fulfilled,committed,
2026-01-13,PN2RUBRECTBK,1,order_edited,committed,Ian Nelson
2026-01-13,W183CPBPZZF,20,purchase,committed,
2026-01-13,W183CPDPSHF,10,purchase,committed,
2026-01-13,ISWFLRWCL,20,manual_adjustment,available,Ian Nelson
2026-01-13,,-118,purchase,available,
2026-01-13,W183CPPRLHF,10,purchase,committed,
2026-01-13,W202RTSTXXF,-6,purchase,available,
2026-01-13,W183CPDWSHMNS,-1,order_fulfilled,committed,
2026-01-13,W182CTBWZZF,-24,purchase,available,
2026-01-13,W202RTSTXXF,6,purchase,committed,
2026-01-13,W182CPGGZZF,20,purchase,committed,
2026-01-13,SMPALL4,1,purchase,committed,
2026-01-13,W183RPPWXXF,-15,order_fulfilled,committed,
2026-01-13,W183CPBDSHF,1,purchase,committed,
2026-01-13,W183CPDWSHMNS,1,purchase,committed,Ian Nelson
2026-01-13,PCOVERBK,6,purchase,committed,
2026-01-13,,20,initial_adjustment,available,Ian Nelson
2026-01-13,SMPALLF,1,order_edited,committed,Ian Nelson
2026-01-13,PN3HVRUBBK,-1,order_fulfilled,committed,
2026-01-13,PN2RUBRECTBK,-1,order_fulfilled,committed,
2026-01-13,SMPALLF,-1,order_edited,available,Ian Nelson
2026-01-13,W183CPBR2TF,10,purchase,committed,
2026-01-13,PN2ACNBK,1,purchase,committed,
2026-01-13,W183CPDPZZF,10,purchase,committed,
2026-01-13,W183CPPRSHS,1,purchase,committed,Ian Nelson
2026-01-13,SMPALL4,-1,order_edited,committed,Ian Nelson
2026-01-13,W183RPGDXXMNS,-1,purchase,available,Ian Nelson
2026-01-13,ISWFLRWBK,22,manual_adjustment,available,Ian Nelson
2026-01-13,PN3THERMOBK,-1,order_fulfilled,committed,
2026-01-13,,-3,purchase,available,Ian Nelson
2026-01-13,W183CPBPZZF,-20,purchase,available,
2026-01-13,W182CPPRSHF,10,purchase,committed,
2026-01-14,W202RTSTXXF,-6,order_fulfilled,committed,
2026-01-14,CKNOB-GF,23,manual_adjustment,available,Ian Nelson
2026-01-14,W183CPPRLHF,-10,order_fulfilled,committed,
2026-01-14,,-1,purchase,available,
2026-01-14,SWVTGLGBN,-1,order_fulfilled,committed,
2026-01-14,PN2ANFACBN,1,purchase,committed,
2026-01-14,W182CFGYXXMNS,-1,purchase,available,
2026-01-14,W183CPGGZZF,-9,order_fulfilled,committed,
2026-01-14,CS16TRNDNK6,-1,purchase,available,
2026-01-14,PN2ANFACBN,-1,order_fulfilled,committed,
2026-01-14,CTUBE-3G,143,manual_adjustment,available,Ian Nelson
2026-01-14,W182CPDPSHF,-8,purchase,available,
2026-01-14,PN2RECTBN,-1,order_fulfilled,committed,
2026-01-14,SWVTGSLIMGD,-1,order_edited,committed,Ian Nelson
2026-01-14,SMPALLF,-1,order_fulfilled,committed,
2026-01-14,CTUBE-3F,43,manual_adjustment,available,Ian Nelson
2026-01-14,CKNOB-UG,6,manual_adjustment,available,Ian Nelson
2026-01-14,W183CPBDSHF,-1,order_fulfilled,committed,
2026-01-14,SWVTGSLIMGD,1,order_edited,available,Ian Nelson
2026-01-14,W183CPBR2TF,-10,order_fulfilled,committed,
2026-01-14,CS16TRNDNK6,1,purchase,committed,
2026-01-14,W182CTBWZZF,-24,order_fulfilled,committed,
2026-01-14,PN2ACNBK,-1,order_fulfilled,committed,
2026-01-14,SWVTGSLIMBK,1,order_edited,committed,Ian Nelson
2026-01-14,W163CJDBXXF,-15,purchase,available,
2026-01-14,PN2RECTBK,-2,order_fulfilled,committed,
2026-01-14,W182CPPRSHF,-24,order_fulfilled,committed,
2026-01-14,CKNOB-UF,2,manual_adjustment,available,Ian Nelson
2026-01-14,W182RPWBXXF,-6,order_fulfilled,committed,
2026-01-14,W182CPDPSHF,-8,order_fulfilled,committed,
2026-01-14,W182CFGYXXMNS,-1,order_fulfilled,committed,
2026-01-14,CKNOB-GG,112,manual_adjustment,available,Ian Nelson
2026-01-14,SWVTGSLIMBK,-1,order_edited,available,Ian Nelson
2026-01-14,W182CTGGZZF,-30,order_fulfilled,committed,
2026-01-14,W182CFGYXXMNS,1,purchase,committed,
2026-01-14,W182CFBR3TF,-15,order_fulfilled,committed,
2026-01-14,W183CPDPZZF,-10,order_fulfilled,committed,
2026-01-14,W163CJDBXXF,15,purchase,committed,
2026-01-14,W183CPBPZZF,-20,order_fulfilled,committed,
2026-01-14,W182CPDPSHF,8,purchase,committed,
2026-01-14,W182CPGGZZF,-20,order_fulfilled,committed,
2026-01-14,PCOVERBK,-6,order_fulfilled,committed,
2026-01-14,W183CPDPSHF,-10,order_fulfilled,committed,
2026-01-15,W182CPWHXXF,16,purchase,committed,
2026-01-15,W182CPWHXXF,-16,purchase,available,
2026-01-15,STRCOLLBR,-1,order_fulfilled,committed,
2026-01-15,,-8,purchase,available,
2026-01-15,STRPLASBK,2,purchase,committed,
2026-01-15,W182RPGDXXF,-2,order_fulfilled,committed,
2026-01-15,STRCOLLBR,-1,purchase,available,
2026-01-15,W182RPBKXXF,25,purchase,committed,
2026-01-15,W182RPBKXXF,-25,purchase,available,
2026-01-15,STRPLASBK,-2,purchase,available,
2026-01-15,W182RPGDXXF,2,purchase,committed,
2026-01-15,STRCOLLBR,1,purchase,committed,
2026-01-15,SKASEPTPW,6,purchase,committed,
2026-01-16,SWROTCL,2,purchase,committed,Ian Nelson
2026-01-16,SWROTDIMBN,2,purchase,committed,
2026-01-16,SKCANDBKBK,3,purchase,committed,Ian Nelson
2026-01-16,SWROTDIMBK,2,purchase,committed,Ian Nelson
2026-01-16,PN2RECTBN,5,purchase,committed,Ian Nelson
2026-01-16,CKNOB-GF,52,manual_adjustment,available,Ian Nelson
2026-01-16,BLEDT6AMB2.5,1,purchase,committed,Ian Nelson
2026-01-16,SWROTBN,-2,order_fulfilled,committed,Ian Nelson
2026-01-16,STRCOLLBZ,-2,purchase,available,Ian Nelson
2026-01-16,SKPKBK,-8,order_fulfilled,committed,Ian Nelson
2026-01-16,SWSLIMBN,2,purchase,committed,Ian Nelson
2026-01-16,SKCANDBKRBK,-2,order_fulfilled,committed,Ian Nelson
2026-01-16,PN2RECTBN,-5,order_fulfilled,committed,Ian Nelson
2026-01-16,SKCDUBZ,-1,order_fulfilled,committed,Ian Nelson
2026-01-16,CTUBE-3G,86,manual_adjustment,available,Ian Nelson
2026-01-16,W182RFBNXXF,100,manual_adjustment,available,Ian Nelson
2026-01-16,SWSLIMBN,-2,order_fulfilled,committed,Ian Nelson
2026-01-16,SWROTCL,-2,order_fulfilled,committed,Ian Nelson
2026-01-16,SKCDUNK,-1,order_fulfilled,committed,Ian Nelson
2026-01-16,STRCOLLBZ,-2,order_fulfilled,committed,Ian Nelson
2026-01-16,CTUBE-3F,3,manual_adjustment,available,Ian Nelson
2026-01-16,CTUBE-5G,4,manual_adjustment,available,Ian Nelson
2026-01-16,SWROTDIMBN,-2,purchase,available,
2026-01-16,BST19CG60,-2,order_fulfilled,committed,Ian Nelson
2026-01-16,PN2FEMRUBREC,-4,order_fulfilled,committed,Ian Nelson
2026-01-16,W182CTDBXXF,23,purchase,committed,
2026-01-16,BLEDT6CL2.5,2,purchase,committed,Ian Nelson
2026-01-16,W182RPBKXXF,-25,order_fulfilled,committed,
2026-01-16,STRMETALBZ,2,purchase,committed,Ian Nelson
2026-01-16,STRPLASBK,-2,order_fulfilled,committed,
2026-01-16,SKPDUPLEX,-1,order_fulfilled,committed,Ian Nelson
2026-01-16,SKSDNK,1,purchase,committed,Ian Nelson
2026-01-16,CTUBE-6F,1,manual_adjustment,available,Ian Nelson
2026-01-16,CKNOB-UF,5,manual_adjustment,available,Ian Nelson
2026-01-16,SHHDUNOLGNK,1,purchase,committed,Ian Nelson
2026-01-16,SHHOLDUNONK,-1,order_fulfilled,committed,Ian Nelson
2026-01-16,GROMMET,-10,order_fulfilled,committed,Ian Nelson
2026-01-16,SWROTDIMBK,-2,order_fulfilled,committed,Ian Nelson
2026-01-16,SKCANDBKBK,-3,order_fulfilled,committed,Ian Nelson
2026-01-16,SHHOLDUNONK,1,purchase,committed,Ian Nelson
2026-01-16,SKSDNK,-1,order_fulfilled,committed,Ian Nelson
2026-01-16,SHHDUNOLGNK,-1,order_fulfilled,committed,Ian Nelson
2026-01-16,BLEDT6CL2.5,-2,order_fulfilled,committed,Ian Nelson
2026-01-16,SKCDUBZ,1,purchase,committed,Ian Nelson
2026-01-16,SKSDBK,3,purchase,committed,Ian Nelson
2026-01-16,CKNOB-UG,5,manual_adjustment,available,Ian Nelson
2026-01-16,CTUBE-6G,12,manual_adjustment,available,Ian Nelson
2026-01-16,SKCDBZ,1,purchase,committed,Ian Nelson
2026-01-16,CKNOB-GG,47,manual_adjustment,available,Ian Nelson
2026-01-16,BLEDT6AMB2.5,-1,order_fulfilled,committed,Ian Nelson
2026-01-16,BLEDG25AMB4.5,2,purchase,committed,Ian Nelson
2026-01-16,SWFLRBK,-2,order_fulfilled,committed,Ian Nelson
2026-01-16,SKCDBK,1,purchase,committed,Ian Nelson
2026-01-16,SWFLRBK,2,purchase,committed,Ian Nelson
2026-01-16,STRMETALBZ,-2,order_fulfilled,committed,Ian Nelson
2026-01-16,SKASEPTPW,-6,order_fulfilled,committed,
2026-01-16,SKSDBK,-3,order_fulfilled,committed,Ian Nelson
2026-01-16,,-23,purchase,available,
2026-01-16,BA19SIL60,1,purchase,committed,Ian Nelson
2026-01-16,SKCDBZ,-1,order_fulfilled,committed,Ian Nelson
2026-01-16,STRPLASBK,-4,order_fulfilled,committed,Ian Nelson
2026-01-16,STRPLASBK,4,purchase,committed,Ian Nelson
2026-01-16,SKPKBK,8,purchase,committed,Ian Nelson
2026-01-16,BLEDG25AMB4.5,-2,order_fulfilled,committed,Ian Nelson
2026-01-16,STRCOLLBZ,2,purchase,committed,Ian Nelson
2026-01-16,CS16TRNDNK6,-1,order_fulfilled,committed,
2026-01-16,BST19CG60,2,purchase,committed,Ian Nelson
2026-01-16,SKSDNK,-1,purchase,available,Ian Nelson
2026-01-16,,-66,purchase,available,Ian Nelson
2026-01-16,SWROTBN,2,purchase,committed,Ian Nelson
2026-01-16,SKCDBK,-1,order_fulfilled,committed,Ian Nelson
2026-01-16,GROMMET,10,purchase,committed,Ian Nelson
2026-01-16,BA19SIL60,-1,order_fulfilled,committed,Ian Nelson
2026-01-16,SKCDUNK,1,purchase,committed,Ian Nelson
2026-01-16,PN2FEMRUBREC,4,purchase,committed,Ian Nelson
2026-01-16,SKCANDBKRBK,2,purchase,committed,Ian Nelson
2026-01-16,SKPDUPLEX,1,purchase,committed,Ian Nelson
2026-01-18,W182RPWHXXF,6,purchase,committed,
2026-01-18,CS14CPDB8,1,purchase,committed,
2026-01-18,W183RPWHXXF,6,purchase,committed,
2026-01-18,W183RPWHXXF,-6,purchase,available,
2026-01-18,,-6,purchase,available,
2026-01-18,CS14CPDB8,-1,purchase,available,
2026-01-20,W182RPBKXXS,1,purchase,committed,
2026-01-20,SWROTDIMBN,-2,order_fulfilled,committed,
2026-01-20,PN2RIBNKBK,-1,purchase,available,
2026-01-20,W183RPWHXXF,-6,order_fulfilled,committed,
2026-01-20,W182RPWBXXS,1,purchase,committed,
2026-01-20,W182CFBWSHF,12,purchase,committed,
2026-01-20,,-14,purchase,available,
2026-01-20,W182RPWHXXF,-6,order_fulfilled,committed,
2026-01-20,W182CTDBXXF,-23,order_fulfilled,committed,
2026-01-20,W182RPWBXXS,-1,purchase,available,
2026-01-20,SWFLRBK,1,purchase,committed,
2026-01-20,PN2RIBNKBK,1,purchase,committed,
2026-01-21,CTUBE-6G,-4,purchase,available,Ian Nelson
2026-01-21,W182CTPTGDF,31,manual_adjustment,available,Ian Nelson
2026-01-21,W182CPBKXXS,2,manual_adjustment,available,Ian Nelson
2026-01-21,W182CPBKXXF,5,manual_adjustment,available,Ian Nelson
2026-01-21,W182CTBR2TF,4,manual_adjustment,available,Ian Nelson
2026-01-21,CTUBE-6G,-4,order_fulfilled,committed,
2026-01-21,W182RPWBXXS,-1,order_fulfilled,committed,
2026-01-21,CTUBE-6G,4,purchase,committed,Ian Nelson
2026-01-21,PN2RIBNKBK,-1,order_fulfilled,committed,
2026-01-21,W182CPBKXXS,-2,purchase,available,Ian Nelson
2026-01-21,W182CPBKXXS,2,purchase,committed,Ian Nelson
2026-01-21,W182RPBKXXS,-1,order_fulfilled,committed,
2026-01-21,W182CFBWSHF,-12,order_fulfilled,committed,
2026-01-21,SWFLRBK,-1,order_fulfilled,committed,
2026-01-22,W182RTPWXXF,8,manual_adjustment,available,Ian Nelson
2026-01-22,SHIPCUSTACCT,-1,purchase,available,Ian Nelson
2026-01-22,W182CPRDXXS,1,purchase,committed,Ian Nelson
2026-01-22,SHIPCUSTACCT,1,purchase,committed,Ian Nelson
2026-01-22,W222RTBKXXF,34,manual_adjustment,available,Ian Nelson
2026-01-22,W222RTWHXXS,-1,manual_adjustment,available,Ian Nelson
2026-01-22,W182CPBR4TF,11,purchase,committed,
2026-01-22,W182CTBWZZF,40,manual_adjustment,available,Ian Nelson
2026-01-22,W143CPBKXXF,37,manual_adjustment,available,Ian Nelson
2026-01-22,W163CJDBXXF,11,manual_adjustment,available,Ian Nelson
2026-01-22,W141CRDBXXF,10,purchase,committed,Ian Nelson
2026-01-22,W182RTWHXXF,6,manual_adjustment,available,Ian Nelson
2026-01-22,,-13,purchase,available,Ian Nelson
2026-01-22,,-11,purchase,available,
2026-01-22,W182CTSBXXF,45,manual_adjustment,available,Ian Nelson
2026-01-22,W141CRBKXXF,4,manual_adjustment,available,Ian Nelson
2026-01-22,PN2RUBRECTBK,1,purchase,committed,
2026-01-22,W182CPPTXXS,1,purchase,committed,Ian Nelson
2026-01-22,W182CTDBXXF,27,manual_adjustment,available,Ian Nelson
2026-01-22,W182CPGNXXS,1,purchase,committed,Ian Nelson
2026-01-22,PN2RUBRECTBK,-1,purchase,available,
2026-01-23,W182RTGDXXL,-1,purchase,available,Ian Nelson
2026-01-23,W182CPPTXXS,-1,order_fulfilled,committed,Ian Nelson
2026-01-23,W182CPGNXXS,-1,order_fulfilled,committed,Ian Nelson
2026-01-23,SKCOUBR,1,purchase,committed,
2026-01-23,SKCOUBR,-1,purchase,available,
2026-01-23,CS18TACNWH6,-1,purchase,available,
2026-01-23,W143RPPWXXF,-6,purchase,available,
2026-01-23,PN2RUBRECTBK,-1,order_fulfilled,committed,
2026-01-23,W143RPPWXXF,6,purchase,committed,
2026-01-23,CS18TACNWH6,1,purchase,committed,
2026-01-23,W182CPRDXXS,-1,order_fulfilled,committed,Ian Nelson
2026-01-23,W182CPBR4TF,-11,order_fulfilled,committed,
2026-01-23,SHIPCUSTACCT,-1,order_fulfilled,committed,Ian Nelson
2026-01-23,CS18TACNWH6,-1,order_fulfilled,committed,
2026-01-23,W182RTGDXXL,1,purchase,committed,Ian Nelson
2026-01-23,W141CRDBXXF,-10,order_fulfilled,committed,Ian Nelson
2026-01-24,W182RPWBXXF,30,purchase,committed,
2026-01-24,W182CPWHXXF,-20,purchase,available,
2026-01-24,PN2ANFACBN,-1,purchase,available,
2026-01-24,PN2ANFACBN,1,purchase,committed,
2026-01-24,W182CPBPSHF,8,purchase,committed,
2026-01-24,W182RPBKXXS,2,purchase,committed,
2026-01-24,W143CPDBXXF,-5,purchase,available,
2026-01-24,PN2RUBRECTWH,1,purchase,committed,
2026-01-24,PN3HVRUBBK,1,purchase,committed,
2026-01-24,,-10,purchase,available,
2026-01-24,W182RPWBXXF,-30,purchase,available,
2026-01-24,W182CPWHXXF,20,purchase,committed,
2026-01-24,W182RPBKXXS,-2,purchase,available,
2026-01-24,W143CPDBXXF,5,purchase,committed,
2026-01-25,SKBKRWH,4,purchase,committed,
2026-01-25,CS18TRECWH6,-4,purchase,available,
2026-01-25,W163CSGNYLF,10,purchase,committed,
2026-01-25,W163CSGNYLF,-10,purchase,available,
2026-01-25,ISWSLIMWH,-4,purchase,available,
2026-01-25,CKNOB-UG,-2,purchase,available,
2026-01-25,CS18TRECWH6,4,purchase,committed,
2026-01-25,CKNOB-UG,2,purchase,committed,
2026-01-25,ISWSLIMWH,4,purchase,committed,
2026-01-25,SWFLRWH,4,purchase,committed,
2026-01-25,SKBKRWH,-4,purchase,available,
2026-01-25,SWFLRWH,-4,purchase,available,
2026-01-26,PN2RECTBN,-10,purchase,available,
2026-01-26,W182CFGYXXF,-17,purchase,available,
2026-01-26,W182CFGYXXF,17,purchase,committed,
2026-01-26,PN2RECTBN,10,purchase,committed,
2026-01-27,W182RPBKXXS,-2,order_fulfilled,committed,
2026-01-27,PN2RUBRECTWH,-1,purchase,available,
2026-01-27,CKNOB-UG,-2,order_fulfilled,committed,
2026-01-27,W143CPDBXXF,-5,order_fulfilled,committed,
2026-01-27,W182RFBNXXS,10,manual_adjustment,available,Ian Nelson
2026-01-27,PN2RUBRECTWH,-1,order_fulfilled,committed,
2026-01-27,W163CSGNYLF,-10,order_fulfilled,committed,
2026-01-27,W182CFWHXXF,3,purchase,committed,
2026-01-27,SWFLRWH,-4,order_fulfilled,committed,
2026-01-27,SKCOUBR,-1,order_fulfilled,committed,
2026-01-27,PN2RECTBN,-10,order_fulfilled,committed,
2026-01-27,W182RPWBXXF,-30,order_fulfilled,committed,
2026-01-27,PN2ANFACBN,-1,order_fulfilled,committed,
2026-01-27,W182CFGYXXF,-17,order_fulfilled,committed,
2026-01-27,SKSOBR,1,purchase,committed,
2026-01-27,W182CPWHXXF,-20,order_fulfilled,committed,
2026-01-27,W182RFBNXXS,10,purchase,committed,Ian Nelson
2026-01-27,PN2RUBRECTWH,1,purchase,committed,
2026-01-27,W143RPPWXXF,-6,order_fulfilled,committed,
2026-01-27,,-4,purchase,available,
2026-01-27,W182CPBPSHF,-8,order_fulfilled,committed,
2026-01-27,W182RFBNXXS,-10,purchase,available,Ian Nelson
2026-01-28,W182CFWHXXF,-3,order_fulfilled,committed,
2026-01-28,CS18TRECWH6,-4,order_fulfilled,committed,
2026-01-28,,-12,purchase,available,
2026-01-28,W182CTBR2TF,11,purchase,committed,
2026-01-28,W181CRBKXXF,20,purchase,committed,
2026-01-28,PN2RECTBK,1,purchase,committed,
2026-01-28,SKSOBR,1,order_edited,available,Ian Nelson
2026-01-28,SKSOBR,-1,order_edited,committed,Ian Nelson
2026-01-28,SWVTGLGBN,1,purchase,committed,
2026-01-28,SKCCBZ,2,purchase,committed,
2026-01-28,SKBKRWH,-4,order_fulfilled,committed,
2026-01-28,W181CRBKXXF,-20,purchase,available,
2026-01-28,ISWSLIMWH,-4,order_fulfilled,committed,
2026-01-28,W182CTDBXXF,8,purchase,committed,
2026-01-28,W182CTBR2TF,-11,purchase,available,
2026-01-28,PN2RUBRECTWH,-1,order_fulfilled,committed,
2026-01-28,W181CRBKXXF,-20,order_fulfilled,committed,
2026-01-29,W182CTLGXXF,-25,order_fulfilled,committed,
2026-01-29,PN2RECTBK,-1,order_fulfilled,committed,
2026-01-29,W182CTLGXXF,25,purchase,committed,
2026-01-29,SKCCBZ,-2,order_fulfilled,committed,
2026-01-29,PN2ACNBK,-1,order_fulfilled,committed,
2026-01-29,PN2ACNWH,-1,order_fulfilled,committed,
2026-01-29,W222CTBKXXS,-5,purchase,available,Ian Nelson
2026-01-29,W182CTBNXXF,25,purchase,committed,
2026-01-29,W163CSGNYLF,-25,purchase,available,
2026-01-29,W182CTBNXXF,-25,order_fulfilled,committed,
2026-01-29,W163CSGNYLF,-25,order_fulfilled,committed,
2026-01-29,W182CTPTGDF,-17,purchase,available,
2026-01-29,W222CTBKXXS,-5,order_fulfilled,committed,
2026-01-29,W182CTBR2TF,5,manual_adjustment,available,Ian Nelson
2026-01-29,W182CTDBXXF,-8,order_fulfilled,committed,
2026-01-29,W222CTBKXXS,5,manual_adjustment,available,Ian Nelson
2026-01-29,SWVTGLGBN,-1,order_fulfilled,committed,
2026-01-29,PN2ACNBK,1,purchase,committed,
2026-01-29,,-52,purchase,available,
2026-01-29,W222CTBKXXS,5,purchase,committed,Ian Nelson
2026-01-29,W182CTBR2TF,-11,order_fulfilled,committed,
2026-01-29,PN2ACNWH,1,purchase,committed,
2026-01-29,W182CTPTGDF,17,purchase,committed,
2026-01-29,W163CSGNYLF,25,purchase,committed,
2026-01-30,,-10,purchase,available,
2026-01-30,W182CPRBXXF,-10,purchase,available,
2026-01-30,SKBKRLWH,-1,order_fulfilled,committed,
2026-01-30,W182CTPTGDF,-17,order_fulfilled,committed,
2026-01-30,W182CPSBXXF,-10,purchase,available,
2026-01-30,SKCANDBKRBK,-11,purchase,available,
2026-01-30,W182CPSBXXF,10,purchase,committed,
2026-01-30,SWFLRWBK,1,purchase,committed,Ian Nelson
2026-01-30,SKBKRLWH,1,purchase,committed,
2026-01-30,SKCANDBKRBK,11,purchase,committed,
2026-01-30,SKBKRLWH,-1,purchase,available,
2026-01-30,W182CPGYXXF,10,purchase,committed,
2026-01-30,W182CPRBXXF,10,purchase,committed,
2026-01-30,SWFLRWBK,-1,order_fulfilled,committed,Ian Nelson
2026-01-30,SWFLRWBK,-1,purchase,available,Ian Nelson
2026-01-31,,-11,purchase,available,
2026-01-31,W182CFDBXXF,-5,purchase,available,
2026-01-31,W181CRBKXXF,8,purchase,committed,
2026-01-31,W202RTGDXXF,20,purchase,committed,
2026-01-31,W181RRGDXXF,8,purchase,committed,
2026-01-31,PCOVERBK,-4,purchase,available,
2026-01-31,W182RTGDXXF,16,purchase,committed,
2026-01-31,PCOVERBK,4,purchase,committed,
2026-01-31,W181CRBKXXF,-8,purchase,available,
2026-01-31,W182CFDBXXF,5,purchase,committed,
2026-01-31,W202RTGDXXF,-20,purchase,available,
2026-01-31,W163CJBW1TF,10,purchase,committed,
2026-01-31,W163CJBW1TF,-10,purchase,available,
2026-01-31,W182RTGDXXF,-16,purchase,available,
2026-01-31,PN2RECTBN,3,purchase,committed,
2026-02-01,W141CRBKXXF,-11,purchase,available,
2026-02-01,W182CTRWZZL,-1,purchase,available,
2026-02-01,W163CJBKXXS,10,received,available,Ian Nelson
2026-02-01,PN2ACNBK,4,purchase,committed,
2026-02-01,W163CJDBXXF,1000,received,available,Ian Nelson
2026-02-01,CTUBE-3F,36,purchase,committed,
2026-02-01,CKNOB-GF,9,purchase,committed,
2026-02-01,W182CTBKXXF,7,purchase,committed,
2026-02-01,W182RFMBXXF,7,purchase,committed,
2026-02-01,W143CPBKXXF,20,purchase,committed,
2026-02-01,W182CTGNXXF,12,purchase,committed,
2026-02-01,PN2ACNBK,-4,purchase,available,
2026-02-01,,-195,purchase,available,
2026-02-01,W162CTPTGDF,30,purchase,committed,
2026-02-01,W141CRBKXXF,11,purchase,committed,
2026-02-01,CKNOB-GWMG,15,purchase,committed,
2026-02-01,W222RTBKXXF,40,purchase,committed,
2026-02-01,CKNOB-GG,9,purchase,committed,
2026-02-01,CKNOB-UG,9,purchase,committed,
2026-02-01,CKNOB-GG,-9,purchase,available,
2026-02-01,W163CJDBXXS,10,received,available,Ian Nelson
2026-02-01,CTUBE-3F,-36,purchase,available,
2026-02-01,CKNOB-UF,8,purchase,committed,
2026-02-01,SKPFM,8,purchase,committed,
2026-02-01,W141CRDBXXF,6,purchase,committed,
2026-02-01,W182CFBKXXF,5,purchase,committed,
2026-02-01,W163CJBKXXF,1000,received,available,Ian Nelson
2026-02-01,W182CTRWZZL,1,purchase,committed,
2026-02-01,W182CTDBXXF,19,purchase,committed,
2026-02-02,W182CFDBXXF,-5,order_fulfilled,committed,
2026-02-02,SKPFM,-8,order_fulfilled,committed,
2026-02-02,W163CJBW1TF,-10,order_fulfilled,committed,
2026-02-02,PN2ACNBK,-4,order_fulfilled,committed,
2026-02-02,CTUBE-3F,-36,order_fulfilled,committed,
2026-02-02,W182RTGDXXF,-16,order_fulfilled,committed,
2026-02-02,W182CTBKXXF,-7,order_fulfilled,committed,
2026-02-02,PN2RECTBN,-3,order_fulfilled,committed,
2026-02-02,W183RPWBXXF,1,purchase,committed,
2026-02-02,W222RTBKXXF,-40,order_fulfilled,committed,
2026-02-02,W163CJBKXXF,-126,purchase,available,
2026-02-02,CKNOB-GWMG,-15,order_fulfilled,committed,
2026-02-02,W163CJBKXXF,126,order_edited,available,Ian Nelson
2026-02-02,W183CJBKXXF,-35,manual_adjustment,available,Ian Nelson
2026-02-02,CKNOB-GF,-9,order_fulfilled,committed,
2026-02-02,W183CJBKXXF,-126,order_fulfilled,committed,Ian Nelson
2026-02-02,W182CTGNXXF,-12,order_fulfilled,committed,
2026-02-02,W182CPGYXXF,-10,order_fulfilled,committed,
2026-02-02,CKNOB-GG,-9,order_fulfilled,committed,
2026-02-02,W183RPWBXXF,-1,purchase,available,
2026-02-02,PND18TCDU20,-1,purchase,available,
2026-02-02,SKCANDBKRBK,-11,order_fulfilled,committed,
2026-02-02,W182CPRBXXF,-10,order_fulfilled,committed,
2026-02-02,PCOVERBK,-4,order_fulfilled,committed,
2026-02-02,SHHDUNOLGBR,1,purchase,committed,
2026-02-02,,-2,purchase,available,
2026-02-02,W182CPSBXXF,-10,order_fulfilled,committed,
2026-02-02,CKNOB-UG,-9,order_fulfilled,committed,
2026-02-02,W182CTDBXXF,-19,order_fulfilled,committed,
2026-02-02,W162CTPTGDL,-1,purchase,available,
2026-02-02,W183CJBKXXF,126,order_edited,committed,Ian Nelson
2026-02-02,W182CPBKXXF,-1,purchase,available,
2026-02-02,W182CPBKXXF,1,purchase,committed,
2026-02-02,W162CTPTGDL,1,purchase,committed,
2026-02-02,W182CTRWZZL,-1,order_fulfilled,committed,
2026-02-02,CKNOB-UF,-8,order_fulfilled,committed,
2026-02-02,W182RPWBXXF,1,purchase,committed,
2026-02-02,W182RFMBXXF,-7,order_fulfilled,committed,
2026-02-02,PN2RECTBN,1,purchase,committed,
2026-02-02,W183CJBKXXF,-126,order_edited,available,Ian Nelson
2026-02-02,W141CRBKXXF,-11,order_fulfilled,committed,
2026-02-02,W182RPWBXXF,-1,purchase,available,
2026-02-02,W182CFBKXXF,-5,order_fulfilled,committed,
2026-02-02,W163CJBKXXF,126,purchase,committed,
2026-02-02,W202RTGDXXF,-20,order_fulfilled,committed,
2026-02-02,PND18TCDU20,1,purchase,committed,
2026-02-02,W163CJBKXXF,-126,order_edited,committed,Ian Nelson
2026-02-03,W182CFRDXXF,-10,purchase,available,
2026-02-03,W182CFRDXXF,10,purchase,committed,
2026-02-03,,-13,purchase,available,
2026-02-03,SKCDBZ,-3,purchase,available,
2026-02-03,SKCDNK,2,purchase,committed,
2026-02-03,SKCDBK,1,purchase,committed,
2026-02-03,W182CPGDXXF,10,purchase,committed,
2026-02-03,SKCDBZ,3,purchase,committed,
2026-02-04,W163CJBKXXF,25,purchase,committed,
2026-02-04,W182CPBNXXF,-50,purchase,available,
2026-02-04,PN3THERMOBK,2,purchase,committed,
2026-02-04,SWVTGLGIV,1,purchase,committed,
2026-02-04,W182CPWHXXF,-25,purchase,available,
2026-02-04,W182CPWHXXF,25,purchase,committed,
2026-02-04,SKCKBK,2,purchase,committed,
2026-02-04,SKCKBK,-2,purchase,available,
2026-02-04,W182CTWHXXF,4,purchase,committed,
2026-02-04,SWLGBN,2,purchase,committed,
2026-02-04,TSIL4PCCLR,3,purchase,committed,
2026-02-04,,-46,purchase,available,
2026-02-04,W163CJBKXXF,-25,purchase,available,
2026-02-04,SWVTGLGIV,-1,purchase,available,
2026-02-04,BST19CG60,2,purchase,committed,
2026-02-04,W182CPBNXXF,50,purchase,committed,
2026-02-04,W182CTGYXXL,1,purchase,committed,
2026-02-04,PN2RECTWH,1,purchase,committed,
2026-02-04,W182CTSBXXF,-4,purchase,available,
2026-02-04,W182CTGDGYF,31,purchase,committed,
2026-02-04,W182CTSBXXF,4,purchase,committed,
2026-02-05,W182CPTQXXF,-30,purchase,available,
2026-02-05,W163CSGNYLF,30,purchase,committed,
2026-02-05,W182CPTQXXF,30,purchase,committed,
2026-02-05,,-30,purchase,available,
2026-02-05,W182CTBNXXS,-1,purchase,available,Aaron Welch
2026-02-05,SKCKBR,1,purchase,committed,
2026-02-05,STRMETALBZ,1,purchase,committed,
2026-02-05,PN2ACNWH,-1,purchase,available,
2026-02-05,CKNOB-GG,-50,order_fulfilled,committed,
2026-02-05,W182CTSBXXL,-1,order_fulfilled,committed,
2026-02-05,PN2ACNWH,1,purchase,committed,
2026-02-05,W121CRBK500S,-1,order_fulfilled,committed,
2026-02-05,CTUBE-5G,-24,purchase,available,Aaron Welch
2026-02-05,W182CTSBXXL,1,order_edited,committed,Aaron Welch
2026-02-05,W182CPWHXXF,45,purchase,committed,
2026-02-05,W182CTSBXXF,7,purchase,committed,
2026-02-05,CKNOB-GG,50,purchase,committed,Aaron Welch
2026-02-05,W182CPWHXXF,-45,purchase,available,
2026-02-05,W121CRBK500S,1,purchase,committed,Aaron Welch
2026-02-05,CTUBE-5G,24,purchase,committed,Aaron Welch
2026-02-05,CTUBE-5G,-24,order_fulfilled,committed,
2026-02-05,,-9,purchase,available,
2026-02-05,W182CTBNXXS,-1,order_fulfilled,committed,
2026-02-05,W182CTSBXXL,-1,order_edited,available,Aaron Welch
2026-02-05,CKNOB-GG,-50,purchase,available,Aaron Welch
2026-02-05,W182CTBNXXS,1,purchase,committed,Aaron Welch
2026-02-05,,-1,purchase,available,Aaron Welch
2026-02-06,CS18TACNBN8,1,purchase,committed,
2026-02-06,W183CPBW2CS,1,purchase,committed,
2026-02-06,CS18TACNBN8,-1,purchase,available,
2026-02-06,SHIPLOCALPU,1,purchase,committed,
2026-02-06,W183CPBW2CS,-1,purchase,available,
2026-02-06,W162CTPTGDF,-10,purchase,available,
2026-02-06,SHIPLOCALPU,-1,purchase,available,
2026-02-06,W162CTPTGDF,10,purchase,committed,
2026-02-07,W182CTPTGDF,-8,purchase,available,
2026-02-07,STRCOLLBZ,-2,purchase,available,
2026-02-07,,-2,purchase,available,
2026-02-07,STRCOLLBZ,2,purchase,committed,
2026-02-07,STRMETALBZ,-2,purchase,available,
2026-02-07,W182CTPTGDF,8,purchase,committed,
2026-02-07,W182CTGYXXF,8,purchase,committed,
2026-02-07,SKCKUBZ,-2,purchase,available,
2026-02-07,SKCKUBZ,2,purchase,committed,
2026-02-07,TSIL12YDCLR,1,purchase,committed,
2026-02-07,STRMETALBZ,2,purchase,committed,
2026-02-07,SHHDUNOLGBZ,2,purchase,committed,
2026-02-07,TSIL12YDCLR,-1,purchase,available,
2026-02-07,W182CTGYXXF,-8,purchase,available,
2026-02-08,ISWLGBN,-1,purchase,available,
2026-02-08,W143CPBKXXF,-10,purchase,available,
2026-02-08,PN2RECTBN,1,purchase,committed,
2026-02-08,W182CTSBXXF,5,purchase,committed,
2026-02-08,,-3,purchase,available,
2026-02-08,W182CTSBXXF,-5,purchase,available,
2026-02-08,W143CPBKXXF,10,purchase,committed,
2026-02-08,PND182BKKR10,1,purchase,committed,
2026-02-08,PN2RECTBK,1,purchase,committed,
2026-02-08,ISWLGBN,1,purchase,committed,
2026-02-09,SHIPLOCALPU,-1,purchase,available,
2026-02-09,SKCCBZ,1,purchase,committed,
2026-02-09,,-1,purchase,available,
2026-02-09,W182RTBKXXF,12,purchase,committed,
2026-02-09,SHIPLOCALPU,1,purchase,committed,
2026-02-09,W182RTBKXXF,-12,purchase,available,
2026-02-10,W182CTDBXXS,2,purchase,committed,Aaron Welch
2026-02-10,CANSMTHKBZ,1,purchase,committed,
2026-02-10,W182RFBNXXF,100,purchase,committed,Aaron Welch
2026-02-10,ADD16TWIST1,1,purchase,committed,
2026-02-10,W182CTBKXXS,1,purchase,committed,Aaron Welch
2026-02-10,,-2,purchase,available,Aaron Welch
2026-02-10,W182RFBNXXF,-100,purchase,available,Aaron Welch
2026-02-10,W182CTRWZZS,-1,purchase,available,
2026-02-10,,-3,purchase,available,
2026-02-10,PND16TCO2,1,purchase,committed,
2026-02-10,W182CTRWZZS,1,purchase,committed,
2026-02-10,PN2RNDNKBN,-8,purchase,available,Aaron Welch
2026-02-10,CANSMTHKBZ,-1,purchase,available,
2026-02-10,W182CPBR1TMNS,1,purchase,committed,
2026-02-10,PN2RNDNKBN,8,purchase,committed,Aaron Welch
2026-02-10,W182CTDBXXS,-1,purchase,available,Aaron Welch
2026-02-11,PN2ACNWH,-1,order_fulfilled,committed,
2026-02-11,W163CSGNYLF,-30,order_fulfilled,committed,
2026-02-11,SKCOUBR,-1,purchase,available,
2026-02-11,W162CTBKXXS,10,manual_adjustment,available,Ian Nelson
2026-02-11,TSIL4PCCLR,-3,order_fulfilled,committed,
2026-02-11,,-5,purchase,available,
2026-02-11,W182CTGYXXF,-8,order_fulfilled,committed,
2026-02-11,PN2RECTBN,-1,order_fulfilled,committed,
2026-02-11,W162CTBKXXF,5000,manual_adjustment,available,Ian Nelson
2026-02-11,W182CPRDXXF,-50,purchase,available,
2026-02-11,TSIL12YDCLR,-1,order_fulfilled,committed,
2026-02-11,W182CTPTGDF,-8,order_fulfilled,committed,
2026-02-11,W182CTGDGYF,-31,order_fulfilled,committed,
2026-02-11,W183RPWBXXF,-1,order_fulfilled,committed,
2026-02-11,SKCDBK,-1,order_fulfilled,committed,
2026-02-11,CS14CPDB8,6,purchase,committed,
2026-02-11,SKCCBZ,-1,order_fulfilled,committed,
2026-02-11,BST19CG60,-2,order_fulfilled,committed,
2026-02-11,W182CPBKXXS,2,purchase,committed,
2026-02-11,W182CPBKXXF,-1,order_fulfilled,committed,
2026-02-11,SKCDBZ,-3,order_fulfilled,committed,
2026-02-11,W162CTDBXXS,13,manual_adjustment,available,Ian Nelson
2026-02-11,W182CPTQXXF,-30,order_fulfilled,committed,
2026-02-11,W182RPWBXXS,2,purchase,committed,
2026-02-11,W163CJBKXXF,-25,order_fulfilled,committed,
2026-02-11,SHIPLOCALPU,-2,order_fulfilled,committed,Ian Nelson
2026-02-11,W182CFRDXXF,-10,order_fulfilled,committed,
2026-02-11,SHHDUNOLGBZ,-2,order_fulfilled,committed,
2026-02-11,W182CPBKXXF,126,purchase,committed,Ian Nelson
2026-02-11,W162CTDBXXL,10,manual_adjustment,available,Ian Nelson
2026-02-11,CS14CPDB8,-6,purchase,available,
2026-02-11,W182CPRDXXF,50,purchase,committed,
2026-02-11,W162CTPTGDF,-10,order_fulfilled,committed,
2026-02-11,W163CSBKXXF,5490,manual_adjustment,available,Ian Nelson
2026-02-11,SKCKUBZ,-2,order_fulfilled,committed,
2026-02-11,W182CPBNXXS,2,purchase,committed,
2026-02-11,W182CTSBXXF,-16,order_fulfilled,committed,
2026-02-11,W182CTGYXXL,-1,order_fulfilled,committed,
2026-02-11,W182RPWBXXS,-2,purchase,available,
2026-02-11,W162CTBKXXL,11,manual_adjustment,available,Ian Nelson
2026-02-11,PN2RECTWH,-1,order_fulfilled,committed,
2026-02-11,W162CTDBXXF,5500,manual_adjustment,available,Ian Nelson
2026-02-11,W182CPBKXXS,20,manual_adjustment,available,Ian Nelson
2026-02-11,W182RPWBXXF,-1,order_fulfilled,committed,
2026-02-11,PN3THERMOBK,-2,order_fulfilled,committed,
2026-02-11,STRMETALBZ,-3,order_fulfilled,committed,
2026-02-11,W182CPBNXXF,-50,order_fulfilled,committed,
2026-02-11,W182CPWHXXF,-70,order_fulfilled,committed,
2026-02-11,SKCKBR,-1,order_fulfilled,committed,
2026-02-11,W182CTWHXXF,-4,order_fulfilled,committed,
2026-02-11,W182CPBKXXF,-126,purchase,available,Ian Nelson
2026-02-11,W182CPGDXXF,-10,order_fulfilled,committed,
2026-02-11,W183CPBW2CS,-1,order_fulfilled,committed,
2026-02-11,W143CPBKXXF,-10,order_fulfilled,committed,
2026-02-11,SKCOUBZ,1,purchase,committed,
2026-02-11,W182CPBKXXF,2000,received,available,Ian Nelson
2026-02-11,W182RTBKXXF,-12,order_fulfilled,committed,
2026-02-11,SKCOUBR,1,purchase,committed,
2026-02-11,W163CSBKXXS,37,manual_adjustment,available,Ian Nelson
2026-02-11,W162CTPTGDL,-1,order_fulfilled,committed,
2026-02-11,SWLGBN,-2,order_fulfilled,committed,
2026-02-11,SWVTGLGIV,-1,order_fulfilled,committed,
2026-02-11,SKCKBK,-2,order_fulfilled,committed,
2026-02-11,STRCOLLBZ,-2,order_fulfilled,committed,
2026-02-11,SKCDNK,-2,order_fulfilled,committed,
2026-02-19,CTUBE-3F,15,purchase,committed,
2026-02-19,W121CRBKXXF,-10,order_fulfilled,committed,
2026-02-19,CTUBE-3F,-15,purchase,available,
2026-02-19,CKNOB-GF,-35,purchase,available,
2026-02-19,CKNOB-GF,35,purchase,committed,
2026-02-19,PN3THERMOBN,-1,order_fulfilled,committed,
2026-02-19,W183RPWBXXF,-15,order_fulfilled,committed,
2026-02-19,W182CFGDXXF,-60,order_fulfilled,committed,
2026-02-20,ISWVTGSLMWH,-1,order_fulfilled,committed,
2026-02-20,PN2RECTWH,-1,order_fulfilled,committed,
2026-02-20,PND183CKUDAB10,-1,order_fulfilled,committed,
2026-02-20,SKCOBR,-1,purchase,available,
2026-02-20,W182CTDBXXS,22,manual_adjustment,available,Ian Nelson
2026-02-20,W182CTRWZZS,-1,order_fulfilled,committed,
2026-02-20,W143CPBKXXS,-1,order_fulfilled,committed,Ian Nelson
2026-02-20,W182CTBKXXS,2,purchase,committed,
2026-02-20,W182RPWBXXS,-1,order_fulfilled,committed,
2026-02-20,PN3THERMOBK,50,purchase,committed,
2026-02-20,W182CTDBXXF,1000,manual_adjustment,available,Ian Nelson
2026-02-20,W182CPPTXXS,-1,order_fulfilled,committed,
2026-02-20,PND183CKUDAB2,-4,order_fulfilled,committed,
2026-02-20,W162CTDBXXS,-1,order_fulfilled,committed,Ian Nelson
2026-02-20,W183RPWHXXMNS,-2,order_fulfilled,committed,Ian Nelson
2026-02-20,SKCOBR,1,purchase,committed,
2026-02-20,PN3THERMOBK,-50,purchase,available,
2026-02-20,W182CTBKXXS,-2,purchase,available,
2026-02-20,W162CTBKXXS,-1,order_fulfilled,committed,Ian Nelson
2026-02-20,CTUBE-3F,-15,order_fulfilled,committed,
2026-02-20,W163CSBKXXS,-1,order_fulfilled,committed,Ian Nelson
2026-02-20,PND182BKK12,-1,order_fulfilled,committed,
2026-02-20,W183RPGDXXS,-1,order_fulfilled,committed,
2026-02-20,W183CPPRSHS,-1,order_fulfilled,committed,
2026-02-20,CKNOB-GF,-35,order_fulfilled,committed,
2026-02-20,,-2,purchase,available,
2026-02-20,W182CTDBXXS,2,purchase,committed,
2026-02-20,W182CTDBXXL,10,manual_adjustment,available,Ian Nelson
2026-02-20,W143RPPWXXS,-1,order_fulfilled,committed,
2026-02-20,W143CPDBXXS,-1,order_fulfilled,committed,Ian Nelson
2026-02-20,SKCOBR,-1,order_fulfilled,committed,
2026-02-21,ISWVTGLGIV,-2,purchase,available,
2026-02-21,ISWVTGLGIV,2,purchase,committed,
2026-02-21,PN3HVRUBBK,-1,purchase,available,
2026-02-21,PN3HVRUBBK,1,purchase,committed,
2026-02-21,W163CJBW1CF,6,purchase,committed,
2026-02-21,PND18TBKK12,2,purchase,committed,
2026-02-21,,-10,purchase,available,
2026-02-21,W121CRBKXXF,5,purchase,committed,
2026-02-21,W121CRBKXXF,-5,purchase,available,
2026-02-22,W202RTBKXXF,20,purchase,committed,
2026-02-22,W121CRBKXXF,-6,purchase,available,
2026-02-22,PN2ANFACBN,2,purchase,committed,
2026-02-22,BST19CG40,1,purchase,committed,
2026-02-22,CTUBE-3G,3,purchase,committed,
2026-02-22,PN2ANFACBN,-2,purchase,available,
2026-02-22,W182CTDBXXL,1,purchase,committed,
2026-02-22,W121CRBKXXF,6,purchase,committed,
2026-02-22,,-28,purchase,available,
2026-02-22,CKNOB-GG,3,purchase,committed,
2026-02-23,W222RTWHXXF,6,purchase,committed,
2026-02-23,,-27,purchase,available,
2026-02-23,SKSK1-4BR,-1,purchase,available,
2026-02-23,SKCDUBK,-1,purchase,available,
2026-02-23,BLEDA19AMB4.5,1,purchase,committed,
2026-02-23,SKCDUBK,-1,order_fulfilled,committed,
2026-02-23,CKNOB-GG,-3,order_fulfilled,committed,
2026-02-23,W182CPBKXXF,-1382,manual_adjustment,available,Ian Nelson
2026-02-23,W182CPRDXXF,-24,order_fulfilled,committed,
2026-02-23,CS14CPDB8,-6,order_fulfilled,committed,
2026-02-23,PN3HVRUBBK,-1,order_fulfilled,committed,
2026-02-23,ADD182PULL1,-1,order_fulfilled,committed,
2026-02-23,BLEDST19AMBS4.5,1,purchase,committed,
2026-02-23,W121CRBKXXF,-11,order_fulfilled,committed,
2026-02-23,W182CPRDXXF,24,purchase,committed,
2026-02-23,BLEDA19AMB4.5,-1,purchase,available,
2026-02-23,SKCDUBK,1,purchase,committed,
2026-02-23,W163CJBW1CF,-6,order_fulfilled,committed,
2026-02-23,SKBKBK,-1,order_fulfilled,committed,
2026-02-23,W183CPBNXXF,6,purchase,committed,
2026-02-23,SKSK1-4BR,1,purchase,committed,
2026-02-23,BLEDT6AMB2.5,-2,order_fulfilled,committed,
2026-02-23,CTUBE-3G,-3,order_fulfilled,committed,
2026-02-23,BLEDA19AMB4.5,-1,order_fulfilled,committed,
2026-02-23,W182CPBKXXS,7,manual_adjustment,available,Ian Nelson
2026-02-23,BLEDT6AMB2.5,2,purchase,committed,
2026-02-23,W222RTWHXXF,-6,order_fulfilled,committed,
2026-02-23,ISWLGBN,-1,order_fulfilled,committed,
2026-02-23,BLEDST19AMBS4.5,-1,order_fulfilled,committed,
2026-02-23,W222RTWHXXF,-6,purchase,available,
2026-02-23,W202CTBKXXF,110,manual_adjustment,available,Ian Nelson
2026-02-23,CS182RBREC8,-1,order_fulfilled,committed,
2026-02-23,W202CTBKXXS,9,manual_adjustment,available,Ian Nelson
2026-02-23,W183CPBNXXF,-6,purchase,available,
2026-02-24,W183RPWBXXF,-100,purchase,available,
2026-02-24,SKSK1-4BR,-1,order_fulfilled,committed,
2026-02-24,STRMETALNK,2,purchase,committed,
2026-02-24,W183RPWBXXF,100,purchase,committed,
2026-02-24,PN2RNDNKBK,-1,purchase,available,
2026-02-24,W183CPBNXXF,-6,order_fulfilled,committed,
2026-02-24,,-36,purchase,available,
2026-02-24,PCOVERBK,6,purchase,committed,
2026-02-24,W182RTWHXXF,18,purchase,committed,
2026-02-24,STRMETALNK,-2,purchase,available,
2026-02-24,W182RTWHXXF,-18,purchase,available,
2026-02-24,W182CPBKXXF,30,purchase,committed,
2026-02-24,PN2RNDNKBK,1,purchase,committed,
2026-02-25,PCOVERBK,-6,order_fulfilled,committed,
2026-02-25,W182RTWBXXF,5,purchase,committed,
2026-02-25,PN2RNDNKBK,-1,order_fulfilled,committed,
2026-02-25,W182CPBKXXS,1,purchase,committed,
2026-02-25,W182CPBKXXS,-1,purchase,available,
2026-02-25,W182RTMBXXF,15,purchase,committed,
2026-02-25,W182RTMBXXF,-15,purchase,available,
2026-02-25,W182CTPTGDS,3,manual_adjustment,available,Ian Nelson
2026-02-25,W163CSGNYLS,1,purchase,committed,
2026-02-25,SHWHENEDIT,2,purchase,committed,
2026-02-25,W182CTBKXXS,1,purchase,committed,
2026-02-25,W182CTWHXXS,1,manual_adjustment,available,Ian Nelson
2026-02-25,W182CTDBXXS,1,purchase,committed,Ian Nelson
2026-02-25,SHWHENEDIT,-2,purchase,available,
2026-02-25,W182RPBKXXS,1,purchase,committed,
2026-02-25,W182CPPTXXS,2,purchase,committed,
2026-02-25,,-10,purchase,available,
2026-02-25,W182CTDBXXS,-1,purchase,available,Ian Nelson
2026-02-25,W182CPBKXXF,-30,order_fulfilled,committed,
2026-02-25,STRMETALNK,-2,order_fulfilled,committed,
2026-02-26,W182CPBW2TF,100,manual_adjustment,available,Ian Nelson
2026-02-26,W182RPWBXXF,-9687,manual_adjustment,available,Ian Nelson
2026-02-26,PN2RNDNKBK,2,purchase,committed,
2026-02-26,W182CPBW2TS,5,manual_adjustment,available,Ian Nelson
2026-02-26,BLEDT104.5,-1,purchase,available,
2026-02-26,W182RTMBXXF,-15,order_fulfilled,committed,
2026-02-26,PN2RIBBK,-1,purchase,available,
2026-02-26,W182CPBPSHF,93,manual_adjustment,available,Ian Nelson
2026-02-26,W182CPDPSHF,90,manual_adjustment,available,Ian Nelson
2026-02-26,W182CPDPSHS,4,manual_adjustment,available,Ian Nelson
2026-02-26,PN2RIBBK,1,purchase,committed,
2026-02-26,,-2,purchase,available,
2026-02-26,ISWROTDIMBK,1,purchase,committed,
2026-02-26,W182CPBPSHS,5,manual_adjustment,available,Ian Nelson
2026-02-26,W182RTWBXXF,-5,order_fulfilled,committed,
2026-02-26,PNDPARBKKR6,1,purchase,committed,
2026-02-26,W182RPWBXXS,6,manual_adjustment,available,Ian Nelson
2026-02-26,BLEDT104.5,1,purchase,committed,
2026-02-26,PN2RNDNKBK,-2,purchase,available,
2026-02-27,SHWHENEDIT,1,purchase,committed,
2026-02-27,PN2RNDNKBK,-2,order_fulfilled,committed,
2026-02-27,SHWHENEDIT,3,restock,available,Ian Nelson
2026-02-27,SHWHENEDIT,-3,restock,committed,Ian Nelson
2026-02-27,SHWHENEDIT,-1,purchase,available,
2026-02-27,W182RFBNXXS,-10,order_fulfilled,committed,
2026-02-27,W182CTDBXXS,-1,order_fulfilled,committed,
2026-02-12,TSIL12YDCLR,1,purchase,committed,
2026-02-12,W183CPDPSHS,1,purchase,committed,
2026-02-12,,-4,purchase,available,Aaron Welch
2026-02-12,SKPGNDK,-2,purchase,available,
2026-02-12,,-31,purchase,available,
2026-02-12,SKPGNDK,-2,order_fulfilled,committed,
2026-02-12,W162CTGGZZF,1,purchase,committed,Aaron Welch
2026-02-12,SKCOUBZ,-1,order_fulfilled,committed,
2026-02-12,PN3THERMOBN,2,purchase,committed,
2026-02-12,W182CPBDSHF,-12,purchase,available,
2026-02-12,W162CTGGZZF,-1,order_fulfilled,committed,
2026-02-12,W162CTGGZZF,-1,purchase,available,Aaron Welch
2026-02-12,PN2RUBRECTBK,-50,purchase,available,Aaron Welch
2026-02-12,W162CTBKXXL,2,purchase,committed,
2026-02-12,W182CTPTGDF,21,purchase,committed,
2026-02-12,NIPZINC.5IN,2,purchase,committed,
2026-02-12,W182CTBKXXS,-1,order_cancellation,committed,Aaron Welch
2026-02-12,W162CTGGZZF,51,manual_adjustment,available,Aaron Welch
2026-02-12,PN2RUBRECTBK,50,purchase,committed,Aaron Welch
2026-02-12,W202RTBKXXS,1,purchase,committed,
2026-02-12,W222CTDB250S,5,initial_adjustment,available,Aaron Welch
2026-02-12,W182CPRDXXF,-50,order_fulfilled,committed,
2026-02-12,W183CPDPSHS,-1,order_fulfilled,committed,
2026-02-12,W222CTDB250S,2,purchase,committed,Aaron Welch
2026-02-12,SKCOUBR,-1,order_fulfilled,committed,
2026-02-12,W182CTDBXXS,-2,order_cancellation,committed,Aaron Welch
2026-02-12,NIPZINC.5IN,-2,order_fulfilled,committed,
2026-02-12,W182CPBKXXF,-126,order_fulfilled,committed,
2026-02-12,TSIL12YDCLR,-1,order_fulfilled,committed,
2026-02-12,W182RFBNXXF,-100,order_cancellation,committed,Aaron Welch
2026-02-12,PN3THERMOBN,-2,order_fulfilled,committed,
2026-02-12,SKPGNDK,2,purchase,committed,
2026-02-12,W162CTGGZZL,4,manual_adjustment,available,Aaron Welch
2026-02-12,W202RTGDXXS,1,purchase,committed,
2026-02-12,W162CTDBXXL,2,purchase,committed,
2026-02-12,W182CPBDSHF,12,purchase,committed,
2026-02-12,W222CTBK250S,2,purchase,committed,Aaron Welch
2026-02-12,TSIL12YDCLR,-1,purchase,available,
2026-02-12,W202RTBKXXS,-1,purchase,available,
2026-02-12,W162CTGGZZS,1,manual_adjustment,available,Aaron Welch
2026-02-12,PN2RNDNKBN,-8,order_cancellation,committed,Aaron Welch
2026-02-12,W182CPBKXXS,-2,order_fulfilled,committed,
2026-02-13,W202RTGDXXS,-1,order_fulfilled,committed,Ian Nelson
2026-02-13,W163CJBKXXF,-1,purchase,available,
2026-02-13,W222CTDBXXF,50,order_edited,committed,Aaron Welch
2026-02-13,W222CTDBXXF,-50,order_edited,available,Aaron Welch
2026-02-13,PN3HVRUBBK,1,purchase,committed,
2026-02-13,,-5,purchase,available,
2026-02-13,W163CJDBXXF,1,purchase,committed,
2026-02-13,W183RPBKXXF,9,purchase,committed,
2026-02-13,W183RPBKXXF,-8,purchase,available,
2026-02-13,W183CPBDZZF,1,purchase,committed,
2026-02-13,W162CTDBXXL,-1,order_edited,committed,Aaron Welch
2026-02-13,W162CTDBXXL,-1,purchase,available,
2026-02-13,W162CTBKXXL,-2,order_fulfilled,committed,
2026-02-13,BST19HP40,1,purchase,committed,
2026-02-13,W182CTPTGDF,-21,order_fulfilled,committed,Ian Nelson
2026-02-13,BST19HP40,-1,purchase,available,
2026-02-13,W183RPWBXXF,1,purchase,committed,
2026-02-13,W183CPDPZZF,1,purchase,committed,
2026-02-13,W163CJBKXXF,1,purchase,committed,
2026-02-13,W202RTBKXXS,-1,order_fulfilled,committed,Ian Nelson
2026-02-13,W162CTDBXXL,-2,order_fulfilled,committed,
2026-02-13,W162CTDBXXL,1,purchase,committed,
2026-02-13,W163CJDBXXF,-1,purchase,available,
2026-02-13,W162CTDBXXL,1,order_edited,available,Aaron Welch
2026-02-13,W182CPBDSHF,-12,order_fulfilled,committed,
2026-02-14,W183CPPRLHF,18,purchase,committed,
2026-02-14,PN3HVRUBBK,-2,purchase,available,
2026-02-14,W162CTDBXXF,-15,purchase,available,
2026-02-14,,-44,purchase,available,
2026-02-14,W183CPDPZZF,18,purchase,committed,
2026-02-14,SKBKBK,-1,purchase,available,
2026-02-14,W162CTDBXXF,15,purchase,committed,
2026-02-14,ADD182PULL1,1,purchase,committed,
2026-02-14,ISWLGBN,1,purchase,committed,
2026-02-14,CS182RBREC8,1,purchase,committed,
2026-02-14,PN3HVRUBBK,2,purchase,committed,
2026-02-14,W163CSGNYLF,6,purchase,committed,
2026-02-14,ISWLGBN,-1,purchase,available,
2026-02-14,SKBKBK,1,purchase,committed,
2026-02-15,W162CTDBXXF,10,purchase,committed,
2026-02-15,,-4,purchase,available,
2026-02-15,W182RFPWXXMNS,1,purchase,committed,
2026-02-15,W182RFPWXXMNS,-1,purchase,available,
2026-02-15,W162CTDBXXF,-10,purchase,available,
2026-02-15,SKCOUBR,-1,purchase,available,
2026-02-15,W182CTBWXXF,-10,purchase,available,
2026-02-15,CS183THERMBK12,1,purchase,committed,
2026-02-15,PN3THERMOWH,1,purchase,committed,
2026-02-15,W182CTBWXXF,10,purchase,committed,
2026-02-15,SKCOUBR,1,purchase,committed,
2026-02-15,PND183COUNK6,1,purchase,committed,
2026-02-15,W182CPSBXXMNS,1,purchase,committed,
2026-02-16,SKCDBK,3,purchase,committed,
2026-02-16,CTUBE-3F,10,purchase,committed,
2026-02-16,CKNOB-GG,39,purchase,committed,
2026-02-16,PND183CKUDAB10,-1,purchase,available,
2026-02-16,PND182BKK12,1,purchase,committed,
2026-02-16,LKNTHX916x18,-20,purchase,available,
2026-02-16,PND183CKUDAB10,1,purchase,committed,
2026-02-16,W163CJBW1TF,7,purchase,committed,
2026-02-16,PN2RNDNKBK,-3,purchase,available,
2026-02-16,LKNTHX916x18,20,purchase,committed,
2026-02-16,CTUBE-5F,-2,purchase,available,
2026-02-16,PN3HVRUBBK,1,purchase,committed,
2026-02-16,NIPZINC1IN,20,purchase,committed,
2026-02-16,PN2RECTWH,1,purchase,committed,
2026-02-16,W162CTBKXXF,45,purchase,committed,
2026-02-16,PN3HVRUBBK,-1,purchase,available,
2026-02-16,W182CFPTXXF,50,purchase,committed,Aaron Welch
2026-02-16,W182CFGDXXF,-50,purchase,available,Aaron Welch
2026-02-16,SKPGNDK,20,purchase,committed,
2026-02-16,W182CFGDXXF,50,purchase,committed,Aaron Welch
2026-02-16,TSIL12YDCLR,1,purchase,committed,
2026-02-16,CTUBE-3G,18,purchase,committed,
2026-02-16,CTUBE-6F,1,purchase,committed,
2026-02-16,PND183CKUDAB2,4,purchase,committed,
2026-02-16,W182CFPTXXF,-50,purchase,available,Aaron Welch
2026-02-16,CTUBE-5F,2,purchase,committed,
2026-02-16,,-170,purchase,available,
2026-02-16,CTUBE-4F,1,purchase,committed,
2026-02-16,PN2RNDNKBK,3,purchase,committed,
2026-02-16,PND182BKK12,-1,purchase,available,
2026-02-17,PND183COUNK6,-1,order_fulfilled,committed,
2026-02-17,BST19HP40,-1,order_fulfilled,committed,
2026-02-17,CTUBE-3G,-18,order_fulfilled,committed,
2026-02-17,W163CJBW1TF,-7,order_fulfilled,committed,
2026-02-17,,-20,purchase,available,
2026-02-17,W183RPBKXXF,-9,order_fulfilled,committed,
2026-02-17,W182CTRDXXL,1,purchase,committed,
2026-02-17,W182CFPTXXF,-50,order_fulfilled,committed,
2026-02-17,W183RPGDXXS,-1,purchase,available,
2026-02-17,CTUBE-6F,-1,order_fulfilled,committed,
2026-02-17,W143RPPWXXS,1,purchase,committed,
2026-02-17,SKPFM,5,purchase,committed,
2026-02-17,W182CTRWZZS,-1,order_fulfilled,committed,
2026-02-17,W163CJBKXXF,-1,order_fulfilled,committed,
2026-02-17,W182CPDBXXF,-1,order_fulfilled,committed,
2026-02-17,CTUBE-3F,-10,order_fulfilled,committed,
2026-02-17,BG25SIL40,4,purchase,committed,
2026-02-17,W183RPGDXXS,1,purchase,committed,
2026-02-17,CTUBE-4F,-1,order_fulfilled,committed,
2026-02-17,W182CPDBXXF,-1,purchase,available,Aaron Welch
2026-02-17,W182CPPTXXS,1,purchase,committed,
2026-02-17,CS183THERMBK12,-1,order_fulfilled,committed,
2026-02-17,W163CJDBXXF,-1,order_fulfilled,committed,
2026-02-17,W163CSGNYLF,-6,order_fulfilled,committed,
2026-02-17,ADD16TWIST1,-1,order_fulfilled,committed,
2026-02-17,W183CPPRLHF,-18,order_fulfilled,committed,
2026-02-17,PN3THERMOWH,-1,order_fulfilled,committed,
2026-02-17,W183CPDPZZF,-19,order_fulfilled,committed,
2026-02-17,W182CTRWZZS,1,purchase,committed,
2026-02-17,W182CPBKXXS,-2,order_fulfilled,committed,
2026-02-17,W182CFGDXXF,-50,order_fulfilled,committed,
2026-02-17,W182CTBWXXF,-10,order_fulfilled,committed,
2026-02-17,SWLGBN,-2,purchase,available,
2026-02-17,W182RPWBXXS,-2,order_fulfilled,committed,
2026-02-17,CKNOB-GG,-39,order_fulfilled,committed,
2026-02-17,TSIL12YDCLR,-1,order_fulfilled,committed,
2026-02-17,W182RPWBXXS,1,purchase,committed,
2026-02-17,CTUBE-5F,-2,order_fulfilled,committed,
2026-02-17,PN3HVRUBBK,-4,order_fulfilled,committed,
2026-02-17,W183RPWBXXF,-1,order_fulfilled,committed,
2026-02-17,PN2RECTBK,-1,order_fulfilled,committed,
2026-02-17,SKCOUBR,-1,order_fulfilled,committed,
2026-02-17,W182CPSBXXMNS,-1,order_fulfilled,committed,
2026-02-17,SWLGBN,2,purchase,committed,
2026-02-17,W183CPPRSHS,1,purchase,committed,
2026-02-17,W182CPDBXXF,1,purchase,committed,Aaron Welch
2026-02-17,W182CPBNXXS,-2,order_fulfilled,committed,
2026-02-17,W183RPWBXXF,10,purchase,committed,
2026-02-17,CANSMTHKBZ,-1,order_fulfilled,committed,
2026-02-17,LKNTHX916x18,-20,order_fulfilled,committed,
2026-02-17,PND16TCO2,-1,order_fulfilled,committed,
2026-02-17,W183CPDBXXF,-1,order_fulfilled,committed,
2026-02-17,SKPGNDK,-20,order_fulfilled,committed,
2026-02-17,W183RPWBXXF,-10,purchase,available,
2026-02-17,ISWLGBN,-1,order_fulfilled,committed,
2026-02-17,PN3HVRUBBK,-1,order_fulfilled,committed,Ian Nelson
2026-02-17,PN2RUBRECTBK,5,purchase,committed,
2026-02-17,,-1,purchase,available,Aaron Welch
2026-02-17,W163CSBKXXF,-33,order_fulfilled,committed,Ian Nelson
2026-02-17,W183CPDBXXF,1,purchase,committed,Aaron Welch
2026-02-17,W182RFPWXXMNS,-1,order_fulfilled,committed,
2026-02-17,W183CPBDZZF,-1,order_fulfilled,committed,
2026-02-17,NIPZINC1IN,-20,order_fulfilled,committed,
2026-02-17,PND182BKKR10,-1,order_fulfilled,committed,
2026-02-18,W143CPBKXXS,7,manual_adjustment,available,Ian Nelson
2026-02-18,PN2RUBRECTBK,-5,order_fulfilled,committed,
2026-02-18,ISWVTGSLMWH,1,order_edited,committed,Ian Nelson
2026-02-18,W162CTBKXXS,1,purchase,committed,
2026-02-18,W202RTBKXXF,-20,order_fulfilled,committed,
2026-02-18,W143CPBKXXS,1,purchase,committed,
2026-02-18,W162CTBKXXS,-5,manual_adjustment,available,Ian Nelson
2026-02-18,W163CSBKXXS,1,purchase,committed,
2026-02-18,BG25SIL40,-4,order_fulfilled,committed,
2026-02-18,SKCDBK,-3,order_fulfilled,committed,
2026-02-18,W143CPDBXXS,1,purchase,committed,
2026-02-18,W183RPWHXXMNS,-2,purchase,available,
2026-02-18,W183RPWBXXF,-15,purchase,available,
2026-02-18,W143CPDBXXF,98,manual_adjustment,available,Ian Nelson
2026-02-18,CS18TRECBK8,1,purchase,committed,
2026-02-18,SWLGBN,-2,order_fulfilled,committed,
2026-02-18,W183RPWBXXF,15,purchase,committed,
2026-02-18,SKCANDBKBK,-1,purchase,available,
2026-02-18,PN2RNDNKBK,-3,order_fulfilled,committed,
2026-02-18,PN3THERMOBN,1,purchase,committed,
2026-02-18,W143CPDBXXS,6,manual_adjustment,available,Ian Nelson
2026-02-18,,-4,purchase,available,
2026-02-18,W162CTDBXXF,-25,order_fulfilled,committed,
2026-02-18,W202RTBKXXF,20,purchase,committed,
2026-02-18,W182CTRDXXL,-1,order_fulfilled,committed,
2026-02-18,ISWSLIMBK,-1,purchase,available,
2026-02-18,W183RPWHXXMNS,2,purchase,committed,
2026-02-18,W182CFGDXXF,105,manual_adjustment,available,Ian Nelson
2026-02-18,CS14CPDB8,-1,order_fulfilled,committed,
2026-02-18,W162CTDBXXS,-4,manual_adjustment,available,Ian Nelson
2026-02-18,W162CTDBXXS,-1,purchase,available,
2026-02-18,W163CSBKXXS,-1,purchase,available,
2026-02-18,ISWVTGSLMWH,-1,order_edited,available,Ian Nelson
2026-02-18,CS18TRECBK8,-1,purchase,available,
2026-02-18,W202RTBKXXF,-20,purchase,available,
2026-02-18,W162CTBKXXF,-45,order_fulfilled,committed,
2026-02-18,W183RPWBXXF,-10,order_fulfilled,committed,
2026-02-18,SKPFM,-5,order_fulfilled,committed,
2026-02-18,W162CTDBXXS,1,purchase,committed,
2026-02-18,ISWSLIMBK,1,purchase,committed,
2026-02-18,SKCANDBKBK,1,purchase,committed,
2026-02-18,W143CPBKXXF,90,manual_adjustment,available,Ian Nelson
2026-02-19,W182CFGDXXF,60,purchase,committed,Ian Nelson
2026-02-19,W121CRBKXXF,-10,purchase,available,
2026-02-19,W121CRBKXXF,10,purchase,committed,
2026-02-19,W182CFGDXXF,-60,purchase,available,Ian Nelson
